attack_time,mean_bitflips,std_bitflips,min_bitflips,max_bitflips,raw_data
0.1,0.0,0.0,0,0,"0"
1.3250000000000002,3.0,0.0,3,3,"3"
2.5500000000000003,37.0,0.0,37,37,"37"
3.7750000000000004,632.0,0.0,632,632,"632"
5.0,3644.0,0.0,3644,3644,"3644"
